program_id,program_name,methodunit_code,methodunit_name,unit_type,candidate_type,classification_reason,sector,version,status,source_url,document_url,extraction_method,confidence,review_status,extracted_at,notes
17,Climate Action Reserve,,Canada Grassland,protocol,methodunit_candidate,Climate Action Reserve main protocol table row.,,v1.1,Approved,https://climateactionreserve.org/how/protocols/,https://climateactionreserve.org/how/protocols/ncs/canada-grassland/,table_parse,high,pending_review,2026-07-06T11:31:56,Candidate protocol from Climate Action Reserve public protocols page.
17,Climate Action Reserve,,Guatemala Forest,protocol,methodunit_candidate,Climate Action Reserve main protocol table row.,,1.0,Approved,https://climateactionreserve.org/how/protocols/,https://climateactionreserve.org/how/protocols/ncs/guatemala-forest/,table_parse,high,pending_review,2026-07-06T11:31:56,Candidate protocol from Climate Action Reserve public protocols page.
17,Climate Action Reserve,,Mexico Forest,protocol,methodunit_candidate,Climate Action Reserve main protocol table row.,,v3.1,Approved,https://climateactionreserve.org/how/protocols/,https://climateactionreserve.org/how/protocols/ncs/mexico-forest/,table_parse,high,pending_review,2026-07-06T11:31:56,Candidate protocol from Climate Action Reserve public protocols page.
17,Climate Action Reserve,,Panama Forest,protocol,methodunit_candidate,Climate Action Reserve main protocol table row.,,1.0,Approved,https://climateactionreserve.org/how/protocols/,https://climateactionreserve.org/how/protocols/ncs/panama-forest/,table_parse,high,pending_review,2026-07-06T11:31:56,Candidate protocol from Climate Action Reserve public protocols page.
17,Climate Action Reserve,,U.S. and Canada Biochar,protocol,methodunit_candidate,Climate Action Reserve main protocol table row.,,v1.1,Approved,https://climateactionreserve.org/how/protocols/,https://climateactionreserve.org/how/protocols/ncs/biochar/,table_parse,high,pending_review,2026-07-06T11:31:56,Candidate protocol from Climate Action Reserve public protocols page.
17,Climate Action Reserve,,U.S. Forest,protocol,methodunit_candidate,Climate Action Reserve main protocol table row.,,5.1,Approved,https://climateactionreserve.org/how/protocols/,https://climateactionreserve.org/how/protocols/ncs/forest/,table_parse,high,pending_review,2026-07-06T11:31:56,Candidate protocol from Climate Action Reserve public protocols page.
17,Climate Action Reserve,,U.S. Grassland,protocol,methodunit_candidate,Climate Action Reserve main protocol table row.,,v2.2,Approved,https://climateactionreserve.org/how/protocols/,https://climateactionreserve.org/how/protocols/ncs/grassland/,table_parse,high,pending_review,2026-07-06T11:31:56,Candidate protocol from Climate Action Reserve public protocols page.
17,Climate Action Reserve,,U.S. Nitrogen Management,protocol,methodunit_candidate,Climate Action Reserve main protocol table row.,,2.1,Approved,https://climateactionreserve.org/how/protocols/,https://climateactionreserve.org/how/protocols/ncs/nitrogen-management/,table_parse,high,pending_review,2026-07-06T11:31:56,Candidate protocol from Climate Action Reserve public protocols page.
17,Climate Action Reserve,,U.S. Rice Cultivation,protocol,methodunit_candidate,Climate Action Reserve main protocol table row.,,1.1,Approved,https://climateactionreserve.org/how/protocols/,https://climateactionreserve.org/how/protocols/ncs/rice-cultivation/,table_parse,high,pending_review,2026-07-06T11:31:56,Candidate protocol from Climate Action Reserve public protocols page.
17,Climate Action Reserve,,U.S. Soil Enrichment,protocol,methodunit_candidate,Climate Action Reserve main protocol table row.,,v2.0,Approved,https://climateactionreserve.org/how/protocols/,https://climateactionreserve.org/how/protocols/ncs/soil-enrichment/,table_parse,high,pending_review,2026-07-06T11:31:56,Candidate protocol from Climate Action Reserve public protocols page.
17,Climate Action Reserve,,U.S. Urban Forest Management,protocol,methodunit_candidate,Climate Action Reserve main protocol table row.,,1.1,Approved,https://climateactionreserve.org/how/protocols/,https://climateactionreserve.org/how/protocols/ncs/urban-forest/,table_parse,high,pending_review,2026-07-06T11:31:56,Candidate protocol from Climate Action Reserve public protocols page.
17,Climate Action Reserve,,U.S. Urban Tree Planting,protocol,methodunit_candidate,Climate Action Reserve main protocol table row.,,2.0,Approved,https://climateactionreserve.org/how/protocols/,https://climateactionreserve.org/how/protocols/ncs/urban-forest/,table_parse,high,pending_review,2026-07-06T11:31:56,Candidate protocol from Climate Action Reserve public protocols page.
17,Climate Action Reserve,,Argentina Landfill,protocol,methodunit_candidate,Climate Action Reserve main protocol table row.,,1.0,Approved,https://climateactionreserve.org/how/protocols/,https://climateactionreserve.org/how/protocols/waste/argentina-landfill/,table_parse,high,pending_review,2026-07-06T11:31:56,Candidate protocol from Climate Action Reserve public protocols page.
17,Climate Action Reserve,,Argentina Livestock,protocol,methodunit_candidate,Climate Action Reserve main protocol table row.,,1.0,Approved,https://climateactionreserve.org/how/protocols/,https://climateactionreserve.org/how/protocols/waste/argentina-livestock/,table_parse,high,pending_review,2026-07-06T11:31:56,Candidate protocol from Climate Action Reserve public protocols page.
17,Climate Action Reserve,,Chile Landfill,protocol,methodunit_candidate,Climate Action Reserve main protocol table row.,,1.0,In development,https://climateactionreserve.org/how/protocols/,https://climateactionreserve.org/how/protocols/waste/chile-landfill/,table_parse,high,pending_review,2026-07-06T11:31:56,Candidate protocol from Climate Action Reserve public protocols page.
17,Climate Action Reserve,,Dominican Republic Livestock,protocol,methodunit_candidate,Climate Action Reserve main protocol table row.,,1.0,Approved,https://climateactionreserve.org/how/protocols/,https://climateactionreserve.org/how/protocols/waste/dominican-republic-livestock/,table_parse,high,pending_review,2026-07-06T11:31:56,Candidate protocol from Climate Action Reserve public protocols page.
17,Climate Action Reserve,,Mexico Landfill,protocol,methodunit_candidate,Climate Action Reserve main protocol table row.,,2.0,Approved,https://climateactionreserve.org/how/protocols/,https://climateactionreserve.org/how/protocols/waste/mexico-landfill/,table_parse,high,pending_review,2026-07-06T11:31:56,Candidate protocol from Climate Action Reserve public protocols page.
17,Climate Action Reserve,,Mexico Livestock,protocol,methodunit_candidate,Climate Action Reserve main protocol table row.,,2.0,Approved,https://climateactionreserve.org/how/protocols/,https://climateactionreserve.org/how/protocols/waste/mexico-livestock/,table_parse,high,pending_review,2026-07-06T11:31:56,Candidate protocol from Climate Action Reserve public protocols page.
17,Climate Action Reserve,,U.S. Coal Mine Methane,protocol,methodunit_candidate,Climate Action Reserve main protocol table row.,,1.1,Approved,https://climateactionreserve.org/how/protocols/,https://climateactionreserve.org/how/protocols/waste/coal-mine-methane/,table_parse,high,pending_review,2026-07-06T11:31:56,Candidate protocol from Climate Action Reserve public protocols page.
17,Climate Action Reserve,,U.S. Early Plugging of Marginal Oil and Gas Wells,protocol,methodunit_candidate,Climate Action Reserve main protocol table row.,,1.0,In development,https://climateactionreserve.org/how/protocols/,https://climateactionreserve.org/how/protocols/waste/us-early-plugging-of-marginal-oil-and-gas-wells/,table_parse,high,pending_review,2026-07-06T11:31:56,Candidate protocol from Climate Action Reserve public protocols page.
17,Climate Action Reserve,,U.S. Landfill,protocol,methodunit_candidate,Climate Action Reserve main protocol table row.,,6.0,Approved,https://climateactionreserve.org/how/protocols/,https://climateactionreserve.org/how/protocols/waste/us-landfill/,table_parse,high,pending_review,2026-07-06T11:31:56,Candidate protocol from Climate Action Reserve public protocols page.
17,Climate Action Reserve,,U.S. Livestock,protocol,methodunit_candidate,Climate Action Reserve main protocol table row.,,4.0,Approved,https://climateactionreserve.org/how/protocols/,https://climateactionreserve.org/how/protocols/waste/us-livestock/,table_parse,high,pending_review,2026-07-06T11:31:56,Candidate protocol from Climate Action Reserve public protocols page.
17,Climate Action Reserve,,U.S. Organic Waste Composting,protocol,methodunit_candidate,Climate Action Reserve main protocol table row.,,1.1,Approved,https://climateactionreserve.org/how/protocols/,https://climateactionreserve.org/how/protocols/waste/organic-waste-composting/,table_parse,high,pending_review,2026-07-06T11:31:56,Candidate protocol from Climate Action Reserve public protocols page.
17,Climate Action Reserve,,U.S. Organic Waste Digestion,protocol,methodunit_candidate,Climate Action Reserve main protocol table row.,,2.1,Approved,https://climateactionreserve.org/how/protocols/,https://climateactionreserve.org/how/protocols/waste/organic-waste-digestion/,table_parse,high,pending_review,2026-07-06T11:31:56,Candidate protocol from Climate Action Reserve public protocols page.
17,Climate Action Reserve,,Article 5 Ozone Depleting Substances,protocol,methodunit_candidate,Climate Action Reserve main protocol table row.,,2.0,Approved,https://climateactionreserve.org/how/protocols/,https://climateactionreserve.org/how/protocols/industrial/ozone-depleting-substances/,table_parse,high,pending_review,2026-07-06T11:31:56,Candidate protocol from Climate Action Reserve public protocols page.
17,Climate Action Reserve,,China Adipic Acid Production,protocol,methodunit_candidate,Climate Action Reserve main protocol table row.,,1.0,Approved,https://climateactionreserve.org/how/protocols/,https://climateactionreserve.org/how/protocols/industrial/china-adipic-acid/,table_parse,high,pending_review,2026-07-06T11:31:56,Candidate protocol from Climate Action Reserve public protocols page.
17,Climate Action Reserve,,India Nitric Acid Production,protocol,methodunit_candidate,Climate Action Reserve main protocol table row.,,1.0,In development,https://climateactionreserve.org/how/protocols/,https://climateactionreserve.org/how/protocols/industrial/india-nitric-acid-production/,table_parse,high,pending_review,2026-07-06T11:31:56,Candidate protocol from Climate Action Reserve public protocols page.
17,Climate Action Reserve,,Mexico Boiler Efficiency,protocol,methodunit_candidate,Climate Action Reserve main protocol table row.,,1.0,Approved,https://climateactionreserve.org/how/protocols/,https://climateactionreserve.org/how/protocols/industrial/mexico-boiler-efficiency/,table_parse,high,pending_review,2026-07-06T11:31:56,Candidate protocol from Climate Action Reserve public protocols page.
17,Climate Action Reserve,,Mexico Halocarbon/ ODS,protocol,methodunit_candidate,Climate Action Reserve main protocol table row.,,1.0,Approved,https://climateactionreserve.org/how/protocols/,https://climateactionreserve.org/how/protocols/industrial/mexico-halocarbon/,table_parse,high,pending_review,2026-07-06T11:31:56,Candidate protocol from Climate Action Reserve public protocols page.
17,Climate Action Reserve,,U.S. Adipic Acid Production,protocol,methodunit_candidate,Climate Action Reserve main protocol table row.,,1.0,Approved,https://climateactionreserve.org/how/protocols/,https://climateactionreserve.org/how/protocols/industrial/adipic-acid-production/,table_parse,high,pending_review,2026-07-06T11:31:56,Candidate protocol from Climate Action Reserve public protocols page.
17,Climate Action Reserve,,U.S. Low-Carbon Cement,protocol,methodunit_candidate,Climate Action Reserve main protocol table row.,,1.0,Approved,https://climateactionreserve.org/how/protocols/,https://climateactionreserve.org/how/protocols/industrial/low-carbon-cement/,table_parse,high,pending_review,2026-07-06T11:31:56,Candidate protocol from Climate Action Reserve public protocols page.
17,Climate Action Reserve,,U.S. Nitric Acid Production,protocol,methodunit_candidate,Climate Action Reserve main protocol table row.,,3.0,Approved,https://climateactionreserve.org/how/protocols/,https://climateactionreserve.org/how/protocols/industrial/nitric-acid-production/,table_parse,high,pending_review,2026-07-06T11:31:56,Candidate protocol from Climate Action Reserve public protocols page.
17,Climate Action Reserve,,U.S. Ozone Depleting Substances,protocol,methodunit_candidate,Climate Action Reserve main protocol table row.,,2.0,Approved,https://climateactionreserve.org/how/protocols/,https://climateactionreserve.org/how/protocols/industrial/ozone-depleting-substances/,table_parse,high,pending_review,2026-07-06T11:31:56,Candidate protocol from Climate Action Reserve public protocols page.
15,City Forest Credits,,Carbon Protocols,Protocol,methodunit_candidate,City Forest Credits protocol/standard document link detected.,,,pending/public source,https://www.cityforestcredits.org/carbon-credits/carbon-protocols/,https://www.cityforestcredits.org/carbon-credits/carbon-protocols/,cfc_document_link_parse,high,pending_review,2026-07-06T11:31:58,Extracted from the City Forest Credits carbon protocols page; linked documents are discovered but not fully parsed.
15,City Forest Credits,,Impact Standards,Standard,methodunit_candidate,City Forest Credits protocol/standard document link detected.,,,pending/public source,https://www.cityforestcredits.org/carbon-credits/carbon-protocols/,https://www.cityforestcredits.org/impact-certification/impact-standards/,cfc_document_link_parse,high,pending_review,2026-07-06T11:31:58,Extracted from the City Forest Credits carbon protocols page; linked documents are discovered but not fully parsed.
15,City Forest Credits,,ICROA Endorsed The City Forest Credits Standard is endorsed by the International Carbon Reduction and Offset Accreditation.,Standard,methodunit_candidate,City Forest Credits protocol/standard document link detected.,,,pending/public source,https://www.cityforestcredits.org/carbon-credits/carbon-protocols/,https://carbonherald.com/icroa-endorses-city-forest-credits-standard/,cfc_document_link_parse,high,pending_review,2026-07-06T11:31:58,Extracted from the City Forest Credits carbon protocols page; linked documents are discovered but not fully parsed.
15,City Forest Credits,,CFC Standard,Standard,methodunit_candidate,City Forest Credits protocol/standard document link detected.,,v3,pending/public source,https://www.cityforestcredits.org/carbon-credits/carbon-protocols/,https://www.cityforestcredits.org/wp-content/uploads/2023/02/City-Forest-Credits-Standard-V3.pdf,cfc_document_link_parse,high,pending_review,2026-07-06T11:31:58,Extracted from the City Forest Credits carbon protocols page; linked documents are discovered but not fully parsed.
15,City Forest Credits,,Preservation Protocol – 40 years,Protocol,methodunit_candidate,City Forest Credits protocol/standard document link detected.,,v13.40,pending/public source,https://www.cityforestcredits.org/carbon-credits/carbon-protocols/,https://www.cityforestcredits.org/wp-content/uploads/2026/04/City-Forest-Preservation-Protocol-40-Years-V13.40.pdf,cfc_document_link_parse,high,pending_review,2026-07-06T11:31:58,Extracted from the City Forest Credits carbon protocols page; linked documents are discovered but not fully parsed.
15,City Forest Credits,,Preservation Protocol – 100 years,Protocol,methodunit_candidate,City Forest Credits protocol/standard document link detected.,,v13.100,pending/public source,https://www.cityforestcredits.org/carbon-credits/carbon-protocols/,https://www.cityforestcredits.org/wp-content/uploads/2026/04/City-Forest-Preservation-Protocol-100-Years-V13.100.pdf,cfc_document_link_parse,high,pending_review,2026-07-06T11:31:58,Extracted from the City Forest Credits carbon protocols page; linked documents are discovered but not fully parsed.
15,City Forest Credits,,Preservation Protocol – Appendices,Protocol,methodunit_candidate,City Forest Credits protocol/standard document link detected.,,v13,pending/public source,https://www.cityforestcredits.org/carbon-credits/carbon-protocols/,https://www.cityforestcredits.org/wp-content/uploads/2024/03/CFC-Preservation-Protocol-v13-Appendices.pdf,cfc_document_link_parse,high,pending_review,2026-07-06T11:31:58,Extracted from the City Forest Credits carbon protocols page; linked documents are discovered but not fully parsed.
15,City Forest Credits,,Preservation Protocol – Summary,Protocol,methodunit_candidate,City Forest Credits protocol/standard document link detected.,,v13,pending/public source,https://www.cityforestcredits.org/carbon-credits/carbon-protocols/,https://www.cityforestcredits.org/wp-content/uploads/2024/06/CFC-Preservation-Protocol-v13-Summary.pdf,cfc_document_link_parse,high,pending_review,2026-07-06T11:31:58,Extracted from the City Forest Credits carbon protocols page; linked documents are discovered but not fully parsed.
15,City Forest Credits,,Afforestation and Reforestation Protocol – 26 years,Protocol,methodunit_candidate,City Forest Credits protocol/standard document link detected.,,v12,pending/public source,https://www.cityforestcredits.org/carbon-credits/carbon-protocols/,https://www.cityforestcredits.org/wp-content/uploads/2024/03/CFC-Afforestation-Protocol-v12.pdf,cfc_document_link_parse,high,pending_review,2026-07-06T11:31:58,Extracted from the City Forest Credits carbon protocols page; linked documents are discovered but not fully parsed.
15,City Forest Credits,,Afforestation and Reforestation Protocol – Appendices,Protocol,methodunit_candidate,City Forest Credits protocol/standard document link detected.,,v12,pending/public source,https://www.cityforestcredits.org/carbon-credits/carbon-protocols/,https://www.cityforestcredits.org/wp-content/uploads/2024/03/CFC-Afforestation-Protocol-V12-Appendices.pdf,cfc_document_link_parse,high,pending_review,2026-07-06T11:31:58,Extracted from the City Forest Credits carbon protocols page; linked documents are discovered but not fully parsed.
15,City Forest Credits,,Afforestation and Reforestation Protocol – Summary,Protocol,methodunit_candidate,City Forest Credits protocol/standard document link detected.,,v12,pending/public source,https://www.cityforestcredits.org/carbon-credits/carbon-protocols/,https://www.cityforestcredits.org/wp-content/uploads/2024/03/CFC-Afforestation-Protocol-V12-Summary.pdf,cfc_document_link_parse,high,pending_review,2026-07-06T11:31:58,Extracted from the City Forest Credits carbon protocols page; linked documents are discovered but not fully parsed.
15,City Forest Credits,,Standard,Standard,methodunit_candidate,City Forest Credits protocol/standard document link detected.,,v2,pending/public source,https://www.cityforestcredits.org/carbon-credits/carbon-protocols/,http://chrome-extension://efaidnbmnnnibpcajpcglclefindmkaj/https://www.cityforestcredits.org/wp-content/uploads/2022/03/City-Forest-Credits-Standard-V2.pdf,cfc_document_link_parse,high,pending_review,2026-07-06T11:31:58,Extracted from the City Forest Credits carbon protocols page; linked documents are discovered but not fully parsed.
15,City Forest Credits,,Version 2,Standard,methodunit_candidate,City Forest Credits protocol/standard document link detected.,,v2,pending/public source,https://www.cityforestcredits.org/carbon-credits/carbon-protocols/,https://www.cityforestcredits.org/wp-content/uploads/2022/03/City-Forest-Credits-Standard-V2.pdf,cfc_document_link_parse,high,pending_review,2026-07-06T11:31:58,Extracted from the City Forest Credits carbon protocols page; linked documents are discovered but not fully parsed.
15,City Forest Credits,,Version 1,Standard,methodunit_candidate,City Forest Credits protocol/standard document link detected.,,v1,pending/public source,https://www.cityforestcredits.org/carbon-credits/carbon-protocols/,https://www.cityforestcredits.org/wp-content/uploads/2021/10/City-Forest-Credits-Standard.pdf,cfc_document_link_parse,high,pending_review,2026-07-06T11:31:58,Extracted from the City Forest Credits carbon protocols page; linked documents are discovered but not fully parsed.
15,City Forest Credits,,Version 12.40,Protocol,methodunit_candidate,City Forest Credits protocol/standard document link detected.,,v12.40,pending/public source,https://www.cityforestcredits.org/carbon-credits/carbon-protocols/,https://www.cityforestcredits.org/wp-content/uploads/2023/02/City-Forest-Preservation-Protocol-40-Years-V12.40.pdf,cfc_document_link_parse,high,pending_review,2026-07-06T11:31:58,Extracted from the City Forest Credits carbon protocols page; linked documents are discovered but not fully parsed.
15,City Forest Credits,,Version 12.100,Protocol,methodunit_candidate,City Forest Credits protocol/standard document link detected.,,v12.100,pending/public source,https://www.cityforestcredits.org/carbon-credits/carbon-protocols/,https://www.cityforestcredits.org/wp-content/uploads/2023/02/City-Forest-Preservation-Protocol-100-Years-V12.100.pdf,cfc_document_link_parse,high,pending_review,2026-07-06T11:31:58,Extracted from the City Forest Credits carbon protocols page; linked documents are discovered but not fully parsed.
15,City Forest Credits,,Version 11.40,Protocol,methodunit_candidate,City Forest Credits protocol/standard document link detected.,,v11.40,pending/public source,https://www.cityforestcredits.org/carbon-credits/carbon-protocols/,https://www.cityforestcredits.org/wp-content/uploads/2022/12/City-Forest-Preservation-Protocol-40-Years-V11.40.pdf,cfc_document_link_parse,high,pending_review,2026-07-06T11:31:58,Extracted from the City Forest Credits carbon protocols page; linked documents are discovered but not fully parsed.
15,City Forest Credits,,Version 11.100,Protocol,methodunit_candidate,City Forest Credits protocol/standard document link detected.,,v11.100,pending/public source,https://www.cityforestcredits.org/carbon-credits/carbon-protocols/,https://www.cityforestcredits.org/wp-content/uploads/2022/12/City-Forest-Preservation-Protocol-100-Years-V11.100.pdf,cfc_document_link_parse,high,pending_review,2026-07-06T11:31:58,Extracted from the City Forest Credits carbon protocols page; linked documents are discovered but not fully parsed.
15,City Forest Credits,,Version 10.40,Protocol,methodunit_candidate,City Forest Credits protocol/standard document link detected.,,v10.40,pending/public source,https://www.cityforestcredits.org/carbon-credits/carbon-protocols/,https://www.cityforestcredits.org/wp-content/uploads/2021/05/City-Forest-Preservation-Protocol-40-Years-V10.40.pdf,cfc_document_link_parse,high,pending_review,2026-07-06T11:31:58,Extracted from the City Forest Credits carbon protocols page; linked documents are discovered but not fully parsed.
15,City Forest Credits,,Version 10.100,Protocol,methodunit_candidate,City Forest Credits protocol/standard document link detected.,,v10.100,pending/public source,https://www.cityforestcredits.org/carbon-credits/carbon-protocols/,https://www.cityforestcredits.org/wp-content/uploads/2021/05/City-Forest-Preservation-Protocol-100-Years-V10.100.pdf,cfc_document_link_parse,high,pending_review,2026-07-06T11:31:58,Extracted from the City Forest Credits carbon protocols page; linked documents are discovered but not fully parsed.
15,City Forest Credits,,Version 9.40,Protocol,methodunit_candidate,City Forest Credits protocol/standard document link detected.,,v9.40,pending/public source,https://www.cityforestcredits.org/carbon-credits/carbon-protocols/,https://www.cityforestcredits.org/wp-content/uploads/2020/09/Preservation-Protocol-V9.40-20200906.pdf,cfc_document_link_parse,high,pending_review,2026-07-06T11:31:58,Extracted from the City Forest Credits carbon protocols page; linked documents are discovered but not fully parsed.
15,City Forest Credits,,Version 9.100,Protocol,methodunit_candidate,City Forest Credits protocol/standard document link detected.,,v9.100,pending/public source,https://www.cityforestcredits.org/carbon-credits/carbon-protocols/,https://www.cityforestcredits.org/wp-content/uploads/2020/09/Preservation-Protocol-V9.100-20200906.pdf,cfc_document_link_parse,high,pending_review,2026-07-06T11:31:58,Extracted from the City Forest Credits carbon protocols page; linked documents are discovered but not fully parsed.
15,City Forest Credits,,Version 8.40,Protocol,methodunit_candidate,City Forest Credits protocol/standard document link detected.,,v8.40,pending/public source,https://www.cityforestcredits.org/carbon-credits/carbon-protocols/,https://www.cityforestcredits.org/wp-content/uploads/2023/02/Preservation-Protocol-V8.40.pdf,cfc_document_link_parse,high,pending_review,2026-07-06T11:31:58,Extracted from the City Forest Credits carbon protocols page; linked documents are discovered but not fully parsed.
15,City Forest Credits,,Version 7.40,Protocol,methodunit_candidate,City Forest Credits protocol/standard document link detected.,,v7.40,pending/public source,https://www.cityforestcredits.org/carbon-credits/carbon-protocols/,https://www.cityforestcredits.org/wp-content/uploads/2023/02/Preservation-Protocol-V7.40.pdf,cfc_document_link_parse,high,pending_review,2026-07-06T11:31:58,Extracted from the City Forest Credits carbon protocols page; linked documents are discovered but not fully parsed.
15,City Forest Credits,,Version 7.100,Protocol,methodunit_candidate,City Forest Credits protocol/standard document link detected.,,v7.100,pending/public source,https://www.cityforestcredits.org/carbon-credits/carbon-protocols/,https://www.cityforestcredits.org/wp-content/uploads/2023/02/Preservation-Protocol-V7.100.pdf,cfc_document_link_parse,high,pending_review,2026-07-06T11:31:58,Extracted from the City Forest Credits carbon protocols page; linked documents are discovered but not fully parsed.
15,City Forest Credits,,Version 6.40,Protocol,methodunit_candidate,City Forest Credits protocol/standard document link detected.,,v6.40,pending/public source,https://www.cityforestcredits.org/carbon-credits/carbon-protocols/,https://www.cityforestcredits.org/wp-content/uploads/2023/02/Preservation-Protocol-V6.40.pdf,cfc_document_link_parse,high,pending_review,2026-07-06T11:31:58,Extracted from the City Forest Credits carbon protocols page; linked documents are discovered but not fully parsed.
15,City Forest Credits,,Version 6.100,Protocol,methodunit_candidate,City Forest Credits protocol/standard document link detected.,,v6.100,pending/public source,https://www.cityforestcredits.org/carbon-credits/carbon-protocols/,https://www.cityforestcredits.org/wp-content/uploads/2023/02/Preservation-Protocol-V6.100.pdf,cfc_document_link_parse,high,pending_review,2026-07-06T11:31:58,Extracted from the City Forest Credits carbon protocols page; linked documents are discovered but not fully parsed.
15,City Forest Credits,,Version 5.40,Protocol,methodunit_candidate,City Forest Credits protocol/standard document link detected.,,v5.40,pending/public source,https://www.cityforestcredits.org/carbon-credits/carbon-protocols/,https://www.cityforestcredits.org/wp-content/uploads/2023/02/Preservation-Protocol-V5.40.pdf,cfc_document_link_parse,high,pending_review,2026-07-06T11:31:58,Extracted from the City Forest Credits carbon protocols page; linked documents are discovered but not fully parsed.
15,City Forest Credits,,Version 5.100,Protocol,methodunit_candidate,City Forest Credits protocol/standard document link detected.,,v5.100,pending/public source,https://www.cityforestcredits.org/carbon-credits/carbon-protocols/,https://www.cityforestcredits.org/wp-content/uploads/2023/02/Preservation-Protocol-V5.100.pdf,cfc_document_link_parse,high,pending_review,2026-07-06T11:31:58,Extracted from the City Forest Credits carbon protocols page; linked documents are discovered but not fully parsed.
15,City Forest Credits,,Version 4,Protocol,methodunit_candidate,City Forest Credits protocol/standard document link detected.,,v4,pending/public source,https://www.cityforestcredits.org/carbon-credits/carbon-protocols/,https://www.cityforestcredits.org/wp-content/uploads/2023/02/Preservation-Protocol-V4.pdf,cfc_document_link_parse,high,pending_review,2026-07-06T11:31:58,Extracted from the City Forest Credits carbon protocols page; linked documents are discovered but not fully parsed.
15,City Forest Credits,,Version 3,Protocol,methodunit_candidate,City Forest Credits protocol/standard document link detected.,,v3,pending/public source,https://www.cityforestcredits.org/carbon-credits/carbon-protocols/,https://www.cityforestcredits.org/wp-content/uploads/2023/02/Preservation-Protocol-V3.pdf,cfc_document_link_parse,high,pending_review,2026-07-06T11:31:58,Extracted from the City Forest Credits carbon protocols page; linked documents are discovered but not fully parsed.
15,City Forest Credits,,Earlier drafts,Protocol,methodunit_candidate,City Forest Credits protocol/standard document link detected.,,,pending/public source,https://www.cityforestcredits.org/carbon-credits/carbon-protocols/,https://www.cityforestcredits.org/wp-content/uploads/2023/02/Preservation-Protocol-Earlier-Drafts.pdf,cfc_document_link_parse,high,pending_review,2026-07-06T11:31:58,Extracted from the City Forest Credits carbon protocols page; linked documents are discovered but not fully parsed.
15,City Forest Credits,,Version 11,Protocol,methodunit_candidate,City Forest Credits protocol/standard document link detected.,,v11,pending/public source,https://www.cityforestcredits.org/carbon-credits/carbon-protocols/,https://www.cityforestcredits.org/wp-content/uploads/2023/03/City-Forest-Credits-Afforestation-Protocol-V11.pdf,cfc_document_link_parse,high,pending_review,2026-07-06T11:31:58,Extracted from the City Forest Credits carbon protocols page; linked documents are discovered but not fully parsed.
18,Climate Forward,,Dairy Digesters,forecast_methodology,methodunit_candidate,Climate Forward forecast methodology index row.,,Version 1.0,Available for project submission,https://climateforward.org/program/methodologies/,https://climateforward.org/wp-content/uploads/2020/03/Dairy-Digester-Project-Forecast-Methodology-v1.0.pdf,cf_index_table_parse,high,pending_review,2026-07-06T11:32:00,"Extracted from the Climate Forward forecast methodologies index; linked PDFs are captured but not fully parsed. Date issued: September 25, 2019"
18,Climate Forward,,Improved Cook Stoves,forecast_methodology,methodunit_candidate,Climate Forward forecast methodology index row.,,Version 2.0,Available for project submission,https://climateforward.org/program/methodologies/,https://climateforward.org/wp-content/uploads/2024/02/Improved_Cook_Stove_Project_Forecast_Methodology_V2.0_Combined_March-1-2024.pdf,cf_index_table_parse,high,pending_review,2026-07-06T11:32:01,"Extracted from the Climate Forward forecast methodologies index; linked PDFs are captured but not fully parsed. Date issued: September 20, 2022"
18,Climate Forward,,Mature Forest Management,forecast_methodology,methodunit_candidate,Climate Forward forecast methodology index row.,,Version 1.0,Available for project submission; undergoing update to V1.1,https://climateforward.org/program/methodologies/,https://climateforward.org/wp-content/uploads/2020/03/Mature-Forest-Management-Forecast-Methodology-v1.0.pdf,cf_index_table_parse,high,pending_review,2026-07-06T11:32:02,"Extracted from the Climate Forward forecast methodologies index; linked PDFs are captured but not fully parsed. Date issued: March 24, 2020"
18,Climate Forward,,Pool Covers,forecast_methodology,methodunit_candidate,Climate Forward forecast methodology index row.,,Version 1.0,Available for project submission,https://climateforward.org/program/methodologies/,https://climateforward.org/wp-content/uploads/2024/11/Pool-Cover-Forecast-Methodology-v1.0-with-EC.pdf,cf_index_table_parse,high,pending_review,2026-07-06T11:32:03,"Extracted from the Climate Forward forecast methodologies index; linked PDFs are captured but not fully parsed. Date issued: April 23, 2021"
18,Climate Forward,,Reduced Emissions from Megafires,forecast_methodology,methodunit_candidate,Climate Forward forecast methodology index row.,,Version 1.0,Available for project submission; undergoing update to V1.1,https://climateforward.org/program/methodologies/,https://climateforward.org/wp-content/uploads/2023/03/Reduced-Emissions-from-Megafires-Forecast-Methodology-v1.0.pdf,cf_index_table_parse,high,pending_review,2026-07-06T11:32:04,"Extracted from the Climate Forward forecast methodologies index; linked PDFs are captured but not fully parsed. Date issued: March 7, 2023"
18,Climate Forward,,Reforestation,forecast_methodology,methodunit_candidate,Climate Forward forecast methodology index row.,,Version 2.0,Available for project submission; undergoing update to V2.1,https://climateforward.org/program/methodologies/,https://climateforward.org/wp-content/uploads/2024/11/Reforestation-Forecast-Methodology-v2.0-Combined-Oct-30-2024-1.pdf,cf_index_table_parse,high,pending_review,2026-07-06T11:32:05,"Extracted from the Climate Forward forecast methodologies index; linked PDFs are captured but not fully parsed. Date issued: April 29, 2022"
18,Climate Forward,,Solar Photovoltaic,forecast_methodology,methodunit_candidate,Climate Forward forecast methodology index row.,,Version 2.0,Available for project submission,https://climateforward.org/program/methodologies/,https://climateforward.org/wp-content/uploads/2023/06/Solar-Photovoltaic-Forecast-Methodology-Version-2.0-Combined-January-25-2022.pdf,cf_index_table_parse,high,pending_review,2026-07-06T11:32:05,"Extracted from the Climate Forward forecast methodologies index; linked PDFs are captured but not fully parsed. Date issued: January 25, 2022"
1,American Carbon Registry (ACR),,Advanced Refrigeration Systems,approved_methodology,methodunit_candidate,American Carbon Registry approved methodology index row.,2. GHG emission reductions from industrial processes,3.0,Approved,https://acrcarbon.org/methodologies/approved-methodologies/,https://acrcarbon.org/wp-content/uploads/2021/08/ACR-ARS-Methodology-v3.0-2024-11.pdf,acr_index_table_parse,high,pending_review,2026-07-06T11:32:08,Extracted from the American Carbon Registry approved methodologies index; linked PDFs are captured but not fully parsed.
1,American Carbon Registry (ACR),,"Certified Reclaimed HFC Refrigerants, Propellants, and Fire Suppressants",approved_methodology,methodunit_candidate,American Carbon Registry approved methodology index row.,2. GHG emission reductions from industrial processes,2.0,Approved,https://acrcarbon.org/methodologies/approved-methodologies/,https://acrcarbon.org/wp-content/uploads/2023/09/ACR-Certified-Reclaimed-HFC_V2.0-FINAL.pdf,acr_index_table_parse,high,pending_review,2026-07-06T11:32:09,Extracted from the American Carbon Registry approved methodologies index; linked PDFs are captured but not fully parsed.
1,American Carbon Registry (ACR),,Destruction of Ozone Depleting Substances and High-GWP Foam,approved_methodology,methodunit_candidate,American Carbon Registry approved methodology index row.,2. GHG emission reductions from industrial processes,2.0,Approved,https://acrcarbon.org/methodologies/approved-methodologies/,https://acrcarbon.org/wp-content/uploads/2023/03/ACR-ODS-v2.0-Destruction-of-ODS-High-GWP-Foam.pdf,acr_index_table_parse,high,pending_review,2026-07-06T11:32:10,Extracted from the American Carbon Registry approved methodologies index; linked PDFs are captured but not fully parsed.
1,American Carbon Registry (ACR),,Destruction of Ozone Depleting Substances from International Sources,approved_methodology,methodunit_candidate,American Carbon Registry approved methodology index row.,2. GHG emission reductions from industrial processes,1.0,Approved,https://acrcarbon.org/methodologies/approved-methodologies/,https://acrcarbon.org/wp-content/uploads/2023/09/ACR-ODS-International-v1.0-2021-04.pdf,acr_index_table_parse,high,pending_review,2026-07-06T11:32:11,Extracted from the American Carbon Registry approved methodologies index; linked PDFs are captured but not fully parsed.
1,American Carbon Registry (ACR),,Afforestation and Reforestation of Degraded Lands,approved_methodology,methodunit_candidate,American Carbon Registry approved methodology index row.,"3. Land Use, Land Use Change and Forestry",1.2,Approved,https://acrcarbon.org/methodologies/approved-methodologies/,https://acrcarbon.org/wp-content/uploads/2023/03/ACR-Afforestation-Reforestation-of-Degraded-Land-v1.2-1.pdf,acr_index_table_parse,high,pending_review,2026-07-06T11:32:12,Extracted from the American Carbon Registry approved methodologies index; linked PDFs are captured but not fully parsed.
1,American Carbon Registry (ACR),,Active Conservation and Sustainable Management on U.S. Forestlands,approved_methodology,methodunit_candidate,American Carbon Registry approved methodology index row.,"3. Land Use, Land Use Change and Forestry",1.0,Approved,https://acrcarbon.org/methodologies/approved-methodologies/,https://acrcarbon.org/wp-content/uploads/2023/11/ACR-ACoF-Methodology-v1.0.pdf,acr_index_table_parse,high,pending_review,2026-07-06T11:32:13,Extracted from the American Carbon Registry approved methodologies index; linked PDFs are captured but not fully parsed.
1,American Carbon Registry (ACR),,Improved Forest Management (IFM) on Canadian Forestlands,approved_methodology,methodunit_candidate,American Carbon Registry approved methodology index row.,"3. Land Use, Land Use Change and Forestry",1.0,Approved,https://acrcarbon.org/methodologies/approved-methodologies/,https://acrcarbon.org/wp-content/uploads/2023/03/ACR-IFM-Canada-Methodology-v1.0.pdf,acr_index_table_parse,high,pending_review,2026-07-06T11:32:15,Extracted from the American Carbon Registry approved methodologies index; linked PDFs are captured but not fully parsed.
1,American Carbon Registry (ACR),,Improved Forest Management (IFM) on Non-Federal U.S. Forestlands,approved_methodology,methodunit_candidate,American Carbon Registry approved methodology index row.,"3. Land Use, Land Use Change and Forestry",2.1,Approved,https://acrcarbon.org/methodologies/approved-methodologies/,https://acrcarbon.org/wp-content/uploads/2022/07/ACR-Methodology-IFM-on-Non-Federal-US-Forestlands-v2_1-20240701.pdf,acr_index_table_parse,high,pending_review,2026-07-06T11:32:16,Extracted from the American Carbon Registry approved methodologies index; linked PDFs are captured but not fully parsed.
1,American Carbon Registry (ACR),,Improved Forest Management (IFM) on Small Non-Industrial Private Forestlands,approved_methodology,methodunit_candidate,American Carbon Registry approved methodology index row.,"3. Land Use, Land Use Change and Forestry",1.0,Approved,https://acrcarbon.org/methodologies/approved-methodologies/,https://acrcarbon.org/wp-content/uploads/2023/03/ACR-IFM-Small-Non-Industrial-v1.0.pdf,acr_index_table_parse,high,pending_review,2026-07-06T11:32:17,Extracted from the American Carbon Registry approved methodologies index; linked PDFs are captured but not fully parsed.
1,American Carbon Registry (ACR),,Restoration of Pocosin Wetlands,approved_methodology,methodunit_candidate,American Carbon Registry approved methodology index row.,"3. Land Use, Land Use Change and Forestry",1.0,Approved,https://acrcarbon.org/methodologies/approved-methodologies/,https://acrcarbon.org/wp-content/uploads/2023/03/ACR-Pocosin-Wetlands-v1.0.pdf,acr_index_table_parse,high,pending_review,2026-07-06T11:32:18,Extracted from the American Carbon Registry approved methodologies index; linked PDFs are captured but not fully parsed.
1,American Carbon Registry (ACR),,Carbon Capture and Storage Projects,approved_methodology,methodunit_candidate,American Carbon Registry approved methodology index row.,4. Carbon Capture and Storage,2.0,Approved,https://acrcarbon.org/methodologies/approved-methodologies/,https://acrcarbon.org/wp-content/uploads/2026/05/ACR-CCS-Methodology-v2.0-2026-05.pdf,acr_index_table_parse,high,pending_review,2026-07-06T11:32:19,Extracted from the American Carbon Registry approved methodologies index; linked PDFs are captured but not fully parsed.
1,American Carbon Registry (ACR),,Capturing and Destroying Methane from Coal and Trona Mines in North America,approved_methodology,methodunit_candidate,American Carbon Registry approved methodology index row.,6. Waste Handling and Disposal,1.1,Approved,https://acrcarbon.org/methodologies/approved-methodologies/,https://acrcarbon.org/wp-content/uploads/2025/03/ACR-MMC-v1.1.pdf,acr_index_table_parse,high,pending_review,2026-07-06T11:32:21,Extracted from the American Carbon Registry approved methodologies index; linked PDFs are captured but not fully parsed.
1,American Carbon Registry (ACR),,Landfill Gas Destruction and Beneficial Use Projects,approved_methodology,methodunit_candidate,American Carbon Registry approved methodology index row.,6. Waste Handling and Disposal,2.0,Approved,https://acrcarbon.org/methodologies/approved-methodologies/,https://acrcarbon.org/wp-content/uploads/2023/03/ACR-LFG-Methodology-v2.0.pdf,acr_index_table_parse,high,pending_review,2026-07-06T11:32:22,Extracted from the American Carbon Registry approved methodologies index; linked PDFs are captured but not fully parsed.
56,Social Carbon,SCM0002,Methane emission reduction by adjusted water management practice in rice cultivation,methodology,methodunit_candidate,Social Carbon methodology index card (SCM0002).,,Version 1.3,Live since 28/05/2022,https://www.socialcarbon.org/methodologies,https://www.socialcarbon.org/s/SOCIALCARBON-SCM0002-v13.pdf,social_carbon_index_scan,high,pending_review,2026-07-06T11:32:24,"Extracted from the Social Carbon methodologies index; detail-page documents captured but not fully parsed. sector: (not published on Social Carbon detail page) modules: : AMS-III.AU, “Methane emission reduction by adjusted water management practice in rice cultivation”. Feasibility Study Template VVB Checklist version_history: Version 1.0; Version 1.1; Version 1.2; Version 1.3"
56,Social Carbon,SCM0003,Methodology for Carbon Removals in Private Conservation Areas,methodology,methodunit_candidate,Social Carbon methodology index card (SCM0003).,,Version 2.0,Live since 08/02/2023,https://www.socialcarbon.org/methodologies,https://www.socialcarbon.org/s/SOCIALCARBON-SCM0003-v10.pdf,social_carbon_index_scan,high,pending_review,2026-07-06T11:32:25,"Extracted from the Social Carbon methodologies index; detail-page documents captured but not fully parsed. sector: (not published on Social Carbon detail page) modules: : CDM AR-AMS0007. Afforestation and reforestation project activities implemented on lands other than wetlands, v3.1 Brazil’s Ministry of Science and Technology (MCTI). Third National Communication of Brazil to the United Nations Framework Convention on Climate Change. Volume III. Brasilia: Ministry version_history: Version 1.0; Version 2.0"
56,Social Carbon,SCM0004,Methodology for the regeneration of Spekboom Thicket,methodology,methodunit_candidate,Social Carbon methodology index card (SCM0004).,,Version 1.2,Live since 11/10/2022,https://www.socialcarbon.org/methodologies,https://www.socialcarbon.org/s/SOCIALCARBON_SCM0004_v12.pdf,social_carbon_index_scan,high,pending_review,2026-07-06T11:32:26,"Extracted from the Social Carbon methodologies index; detail-page documents captured but not fully parsed. sector: (not published on Social Carbon detail page) modules: : van der Vyver, ML. and Cowling, R. (2019) Aboveground biomass and carbon pool estimates of Portulacaria afra (spekboom)-rich subtropical thicket with species-specific allometric models https://www.sciencedirect.com/science/article/abs/pii/S0378112719305754 SCT0001 - Tool for the Demonstration and version_history: Version 1.0; Version 1.1; Version 1.2"
56,Social Carbon,SCM0005,Methodology for regenerative land management,methodology,methodunit_candidate,Social Carbon methodology index card (SCM0005).,,Version 2.0,Live since 06/12/2022,https://www.socialcarbon.org/methodologies,https://www.socialcarbon.org/s/SOCIALCARBON-SCM0005-v20.pdf,social_carbon_index_scan,high,pending_review,2026-07-06T11:32:27,"Extracted from the Social Carbon methodologies index; detail-page documents captured but not fully parsed. sector: (not published on Social Carbon detail page) modules: : SCT0001 - Tool for the Demonstration and Assessment of Additionality in SOCIALCARBON Agriculture, Forestry and Other Land Use (AFOLU) Project Activities v1.0 Feasibility Assessment Tool VVB Checklist IME Application Form version_history: Version 1.0; Version 2.0"
56,Social Carbon,SCM0006,Methodology for the Conservation of Areas of Biodiversity Importance,methodology,methodunit_candidate,Social Carbon methodology index card (SCM0006).,,Version 3.0,Live since 20/12/2022,https://www.socialcarbon.org/methodologies,https://www.socialcarbon.org/s/SOCIALCARBON-SCM0006-v21.pdf,social_carbon_index_scan,high,pending_review,2026-07-06T11:32:27,"Extracted from the Social Carbon methodologies index; detail-page documents captured but not fully parsed. sector: (not published on Social Carbon detail page) modules: : SCT0001 - Tool for the Demonstration and Assessment of Additionality in SOCIALCARBON Agriculture, Forestry and Other Land Use (AFOLU) Project Activities v1.0 SCD0005 : Mod ule for the Management of Leakage in Conservation Projects Feasibility Assessment Tool VVB Checklist Useful Links: Digital Obs version_history: Version 1.0; Version 2.0; Version 2.1; Version 3.0"
56,Social Carbon,SCM0007,Methodology for the treatment of Harmful Algae Blooms,methodology,methodunit_candidate,Social Carbon methodology index card (SCM0007).,,Version 2.0 (Public Consultation),Live,https://www.socialcarbon.org/methodologies,https://www.socialcarbon.org/s/SOCIALCARBON_SCM0007_v11.pdf,social_carbon_index_scan,high,pending_review,2026-07-06T11:32:28,Extracted from the Social Carbon methodologies index; detail-page documents captured but not fully parsed. sector: (not published on Social Carbon detail page) version_history: Version 1.0; Version 1.1; Version 2.0 (Public Consultation)
56,Social Carbon,SCM0008,Methodology for the Restoration of Mangroves,methodology,methodunit_candidate,Social Carbon methodology index card (SCM0008).,,Version 1.0,Live since 20/07/2023,https://www.socialcarbon.org/methodologies,https://www.socialcarbon.org/s/SOCIALCARBON_SCM0008_v10.pdf,social_carbon_index_scan,high,pending_review,2026-07-06T11:32:29,"Extracted from the Social Carbon methodologies index; detail-page documents captured but not fully parsed. sector: (not published on Social Carbon detail page) modules: : SCT0001 - Tool for the Demonstration and Assessment of Additionality in SOCIALCARBON Agriculture, Forestry and Other Land Use (AFOLU) Project Activities v1.0 CDM Tool for the Estimation of carbon stocks and change in carbon stocks of trees and shrubs in A/R CDM project activities VVB Checklist Fea version_history: Version 1.0"
56,Social Carbon,SCM0009,"Methodology for Afforestation, Reforestation, Revegetation",methodology,methodunit_candidate,Social Carbon methodology index card (SCM0009).,,Version 1.0,Live since 24/04/2024,https://www.socialcarbon.org/methodologies,https://www.socialcarbon.org/s/SOCIALCARBON_SCM0009_v10.pdf,social_carbon_index_scan,high,pending_review,2026-07-06T11:32:30,Extracted from the Social Carbon methodologies index; detail-page documents captured but not fully parsed. sector: (not published on Social Carbon detail page) modules: : SCD0002 - Module for estimating leakage from ARR activities. Feasibility Assessment Tool version_history: Version 1.0
56,Social Carbon,SCM0010,Methodology for Peatland Restoration,methodology,methodunit_candidate,Social Carbon methodology index card (SCM0010).,,Version 1.0,Live since 14/10/2024,https://www.socialcarbon.org/methodologies,https://www.socialcarbon.org/s/SOCIALCARBON_SCM0010_v10.pdf,social_carbon_index_scan,high,pending_review,2026-07-06T11:32:31,Extracted from the Social Carbon methodologies index; detail-page documents captured but not fully parsed. sector: (not published on Social Carbon detail page) modules: : SCM0010-M1 - Module for Rewetting Drained Peatlands on Temperate Agricultural Land FAQs version_history: Version 1.0
56,Social Carbon,SCM0011,Methodology for Avoided Deforestation on Smallholdings,methodology,methodunit_candidate,Social Carbon methodology index card (SCM0011).,,,Live since 11/06/2026,https://www.socialcarbon.org/methodologies,https://www.socialcarbon.org/s/SOCIALCARBON-SCM0011-v10.pdf,social_carbon_index_scan,medium,pending_review,2026-07-06T11:32:31,Extracted from the Social Carbon methodologies index; detail-page documents captured but not fully parsed. sector: (not published on Social Carbon detail page) modules: : SCD004: Livelihood Vulnerability Index Module SCD0005: Module for Leakage Management in Conservation Projects
56,Social Carbon,SCM0001,Methodology for the installation of Energy Efficient Cookstoves,methodology,methodunit_candidate,Social Carbon methodology index card (SCM0001).,,Version 2.0,Inactive since 26/11/2024,https://www.socialcarbon.org/methodologies,https://www.socialcarbon.org/s/SOCIALCARBON-SCM0001-v20.pdf,social_carbon_index_scan,high,pending_review,2026-07-06T11:32:32,Extracted from the Social Carbon methodologies index; detail-page documents captured but not fully parsed. sector: (not published on Social Carbon detail page) modules: : AMS-II.G: Energy efficiency measures in thermal applications of non-renewable biomass --- Version 12.0 CDM: Tool for the demonstration and assessment of additionality Feasibility Assessment Tool VVB Checklist Board Decision to Sunset Methodology version_history: Version 1.0; Version 2.0
49,Plan Vivo,PM001,Agriculture & Forestry Carbon Benefit Assessment Methodology,approved_methodology,methodunit_candidate,Plan Vivo approved-methodology article (PM001).,,Version 1.0,Active,https://www.planvivo.org/projects/certify-a-project/pvclimate/methodologies/approved-methodologies,https://s3.eu-west-2.amazonaws.com/assets.planvivo.org/documents/PV-Climate-Methodologies-Modules-and-Tools/PM001_PV-Climate-Methodology_V1.0.pdf,plan_vivo_index_article_parse,high,pending_review,2026-07-06T11:32:34,Extracted from the Plan Vivo approved-methodologies page; linked PDFs are captured but not fully parsed. type: Modular active_from: 09/11/2023 developer: TLLG & Plan Vivo TAC reviewers: Plan Vivo TRP & Earthood Service Private Ltd description: A modular methodology for carbon accounting in smallholder agriculture and community forestry projects generating Plan Vivo Certificates.
49,Plan Vivo,PM002,Methodology for Quantifying Carbon Benefits from Small-Scale Agroforestry,approved_methodology,methodunit_candidate,Plan Vivo approved-methodology article (PM002).,,Version 1.0,Active,https://www.planvivo.org/projects/certify-a-project/pvclimate/methodologies/approved-methodologies,https://s3.eu-west-2.amazonaws.com/assets.planvivo.org/documents/PV-Climate-Methodologies-Modules-and-Tools/PM002_PV-Climate-Methodology_V1.0.pdf,plan_vivo_index_article_parse,high,pending_review,2026-07-06T11:32:34,Extracted from the Plan Vivo approved-methodologies page; linked PDFs are captured but not fully parsed. type: Modular active_from: 29/09/2025 developer: Acorn reviewers: Plan Vivo TRP & AENOR description: This full methodology describes the procedures for measuring change in carbon stock(s) and calculating the amount of carbon removals from the atmosphere by adopting agroforestry practices.
7,BioCarbon Registry,BCR0001,ARR Activities,methodology,methodunit_candidate,BioCarbon Registry AFOLU methodology card (BCR0001).,,,,https://biocarbonstandard.com/en/afolu/,https://biocarbonstandard.com/wp-content/uploads/BCR0001_Methodological-document-ARR.pdf,biocarbon_afolu_card_scan,high,pending_review,2026-07-06T11:32:35,Extracted from the BioCarbon Registry AFOLU page; linked PDFs are captured but not fully parsed. sector: AFOLU Sector
7,BioCarbon Registry,BCR0002,REDD+ Projects,methodology,methodunit_candidate,BioCarbon Registry AFOLU methodology card (BCR0002).,,,,https://biocarbonstandard.com/en/afolu/,https://biocarbonstandard.com/wp-content/uploads/BCR0002_Methodological-document-REDD-projects.pdf,biocarbon_afolu_card_scan,high,pending_review,2026-07-06T11:32:35,Extracted from the BioCarbon Registry AFOLU page; linked PDFs are captured but not fully parsed. sector: AFOLU Sector
7,BioCarbon Registry,BCR0003,High Mountain Ecosystems,methodology,methodunit_candidate,BioCarbon Registry AFOLU methodology card (BCR0003).,,,,https://biocarbonstandard.com/en/afolu/,https://biocarbonstandard.com/wp-content/uploads/BCR0003_Methodological-document-HME.pdf,biocarbon_afolu_card_scan,high,pending_review,2026-07-06T11:32:35,Extracted from the BioCarbon Registry AFOLU page; linked PDFs are captured but not fully parsed. sector: AFOLU Sector
7,BioCarbon Registry,BCR0004,Continental Wetlands Orinoquia,methodology,methodunit_candidate,BioCarbon Registry AFOLU methodology card (BCR0004).,,,,https://biocarbonstandard.com/en/afolu/,https://biocarbonstandard.com/wp-content/uploads/BCR0004_Methodological-document-Continental-Wetlands.pdf,biocarbon_afolu_card_scan,high,pending_review,2026-07-06T11:32:35,Extracted from the BioCarbon Registry AFOLU page; linked PDFs are captured but not fully parsed. sector: AFOLU Sector
7,BioCarbon Registry,BCR0005,Natural Savannas,methodology,methodunit_candidate,BioCarbon Registry AFOLU methodology card (BCR0005).,,,,https://biocarbonstandard.com/en/afolu/,https://biocarbonstandard.com/wp-content/uploads/BCR0005_Methodological-document-savannas.pdf,biocarbon_afolu_card_scan,high,pending_review,2026-07-06T11:32:35,Extracted from the BioCarbon Registry AFOLU page; linked PDFs are captured but not fully parsed. sector: AFOLU Sector
7,BioCarbon Registry,BCR0007,Natural Continental Wetlands,methodology,methodunit_candidate,BioCarbon Registry AFOLU methodology card (BCR0007).,,,,https://biocarbonstandard.com/en/afolu/,https://biocarbonstandard.com/wp-content/uploads/BCR0007_Continental_Natural_Wetlands.pdf,biocarbon_afolu_card_scan,high,pending_review,2026-07-06T11:32:35,Extracted from the BioCarbon Registry AFOLU page; linked PDFs are captured but not fully parsed. sector: AFOLU Sector
7,BioCarbon Registry,BCR0008,Biomethanisation Plants,methodology,methodunit_candidate,BioCarbon Registry AFOLU methodology card (BCR0008).,,,,https://biocarbonstandard.com/en/afolu/,https://biocarbonstandard.com/wp-content/uploads/BCR0008_Biomethanisation_plants.pdf,biocarbon_afolu_card_scan,high,pending_review,2026-07-06T11:32:35,Extracted from the BioCarbon Registry AFOLU page; linked PDFs are captured but not fully parsed. sector: AFOLU Sector
7,BioCarbon Registry,BCR0009,Soil Organic Carbon,methodology,methodunit_candidate,BioCarbon Registry AFOLU methodology card (BCR0009).,,,,https://biocarbonstandard.com/en/afolu/,https://biocarbonstandard.com/wp-content/uploads/BCR0009_Soil_Organic_Carbon.pdf,biocarbon_afolu_card_scan,high,pending_review,2026-07-06T11:32:35,Extracted from the BioCarbon Registry AFOLU page; linked PDFs are captured but not fully parsed. sector: AFOLU Sector
7,BioCarbon Registry,BCR0010,Improved Forest Management (IFM) and Avoided Planned Forest Conversion (APFC),methodology,methodunit_candidate,BioCarbon Registry AFOLU methodology card (BCR0010).,,,,https://biocarbonstandard.com/en/afolu/,https://biocarbonstandard.com/wp-content/uploads/BCR0010_Improved_Forest_Management_and_Avoided_Planned_Forest_Conversion_(IFM_&_APFC).pdf,biocarbon_afolu_card_scan,high,pending_review,2026-07-06T11:32:35,Extracted from the BioCarbon Registry AFOLU page; linked PDFs are captured but not fully parsed. sector: AFOLU Sector
7,BioCarbon Registry,BCR0011,"Sustainable Biochar Production, Carbon Removal and Long-Term Storage",methodology,methodunit_candidate,BioCarbon Registry AFOLU methodology card (BCR0011).,,,,https://biocarbonstandard.com/en/afolu/,https://biocarbonstandard.com/wp-content/uploads/BCR0011_Sustainable_biochar_production_carbon_removal_and_long-term_storage.pdf,biocarbon_afolu_card_scan,high,pending_review,2026-07-06T11:32:35,Extracted from the BioCarbon Registry AFOLU page; linked PDFs are captured but not fully parsed. sector: AFOLU Sector
7,BioCarbon Registry,BCR0012,Blue Carbon,methodology,methodunit_candidate,BioCarbon Registry AFOLU methodology card (BCR0012).,,,,https://biocarbonstandard.com/en/afolu/,https://biocarbonstandard.com/wp-content/uploads/BCR0012_Blue_Carbon_Methodology.pdf,biocarbon_afolu_card_scan,high,pending_review,2026-07-06T11:32:35,Extracted from the BioCarbon Registry AFOLU page; linked PDFs are captured but not fully parsed. sector: AFOLU Sector
7,BioCarbon Registry,BCR0013,Conservation and Restoration of Peatland Ecosystems,methodology,methodunit_candidate,BioCarbon Registry AFOLU methodology card (BCR0013).,,,,https://biocarbonstandard.com/en/afolu/,https://biocarbonstandard.com/wp-content/uploads/BCR0013_Methodological_document_Peatlands.pdf,biocarbon_afolu_card_scan,high,pending_review,2026-07-06T11:32:35,Extracted from the BioCarbon Registry AFOLU page; linked PDFs are captured but not fully parsed. sector: AFOLU Sector
7,BioCarbon Registry,BCR0014,High Forest Low Deforestation (HFLD) Asia Pacific,methodology,methodunit_candidate,BioCarbon Registry AFOLU methodology card (BCR0014).,,,,https://biocarbonstandard.com/en/afolu/,https://biocarbonstandard.com/wp-content/uploads/BCR0014_High_Forest_Low_Deforestation.pdf,biocarbon_afolu_card_scan,high,pending_review,2026-07-06T11:32:35,Extracted from the BioCarbon Registry AFOLU page; linked PDFs are captured but not fully parsed. sector: AFOLU Sector
7,BioCarbon Registry,BCR0015,Improved Livestock and Grazing Management,methodology,methodunit_candidate,BioCarbon Registry AFOLU methodology card (BCR0015).,,,,https://biocarbonstandard.com/en/afolu/,https://biocarbonstandard.com/wp-content/uploads/BCR0015_Livestock_and_Grassland_Management.pdf,biocarbon_afolu_card_scan,high,pending_review,2026-07-06T11:32:35,Extracted from the BioCarbon Registry AFOLU page; linked PDFs are captured but not fully parsed. sector: AFOLU Sector
7,BioCarbon Registry,BCR0016,Regenerative Agricultural Land Management (ALM),methodology,methodunit_candidate,BioCarbon Registry AFOLU methodology card (BCR0016).,,,,https://biocarbonstandard.com/en/afolu/,https://biocarbonstandard.com/wp-content/uploads/BCR0016_Agricultural_Land_Management.pdf,biocarbon_afolu_card_scan,high,pending_review,2026-07-06T11:32:35,Extracted from the BioCarbon Registry AFOLU page; linked PDFs are captured but not fully parsed. sector: AFOLU Sector
7,BioCarbon Registry,AR-AM0014,Coastal Ecosystems,adopted_external_method,methodunit_candidate,BioCarbon Registry adopted-external card (AR-AM0014).,,,,https://biocarbonstandard.com/en/afolu/,https://biocarbonstandard.com/wp-content/uploads/AR-AM0014-1.pdf,biocarbon_afolu_card_scan,high,pending_review,2026-07-06T11:32:35,Extracted from the BioCarbon Registry AFOLU page; linked PDFs are captured but not fully parsed. sector: AFOLU Sector adopted_external_methodology: this card links to an external methodology (e.g. CDM) rather than a native BCR PDF. adopted_external_code: AR-AM0014
13,Cercarbono,,Avoided Deforestation,methodology,methodunit_candidate,Cercarbono native methodology card (Carbon programme).,Carbon programme,V3.1,Approved,https://cercarbono.com/methodologies/,https://cercarbono.com/wp-content/uploads/2026.03.08-Methodology-REDD-V-3.1-2.pdf,cercarbono_index_card_scan,high,pending_review,2026-07-06T11:32:41,Extracted from the Cercarbono public methodologies page; linked PDFs are captured but not fully parsed. category: Carbon programme language: English
13,Cercarbono,,Integrated Forestry & Agriculture,methodology,methodunit_candidate,Cercarbono native methodology card (Carbon programme).,Carbon programme,V3.1,Approved,https://cercarbono.com/methodologies/,https://cercarbono.com/wp-content/uploads/2026/03/2025.12.30-Methodology-FA-V3_1.pdf,cercarbono_index_card_scan,high,pending_review,2026-07-06T11:32:41,Extracted from the Cercarbono public methodologies page; linked PDFs are captured but not fully parsed. category: Carbon programme language: English
13,Cercarbono,,Renewable Energy,methodology,methodunit_candidate,Cercarbono native methodology card (Carbon programme).,Carbon programme,V2.2,Approved,https://cercarbono.com/methodologies/,https://cercarbono.com/wp-content/uploads/2026/03/2024.08.05-Renewable-Energy-Methodology-V-2.2.pdf,cercarbono_index_card_scan,high,pending_review,2026-07-06T11:32:41,Extracted from the Cercarbono public methodologies page; linked PDFs are captured but not fully parsed. category: Carbon programme language: English
13,Cercarbono,,Landfill Gas Capture & Flaring,methodology,methodunit_candidate,Cercarbono native methodology card (Carbon programme).,Carbon programme,V2.1,Approved,https://cercarbono.com/methodologies/,https://cercarbono.com/wp-content/uploads/2026/03/Landfill-Methodology-V-2.1.pdf,cercarbono_index_card_scan,high,pending_review,2026-07-06T11:32:41,Extracted from the Cercarbono public methodologies page; linked PDFs are captured but not fully parsed. category: Carbon programme language: English
13,Cercarbono,,End-of-Life Vehicles Recycling,methodology,methodunit_candidate,Cercarbono native methodology card (Carbon programme).,Carbon programme,V1.4,Approved,https://cercarbono.com/methodologies/,https://cercarbono.com/wp-content/uploads/2026/03/2025.07.08-ELV-methodology_V1.4.pdf,cercarbono_index_card_scan,high,pending_review,2026-07-06T11:32:41,Extracted from the Cercarbono public methodologies page; linked PDFs are captured but not fully parsed. category: Carbon programme language: English
13,Cercarbono,,Blue Carbon Methodology for Miti-gation of Climate Change in Coastal Wetlands,methodology,methodunit_candidate,Cercarbono native methodology card (Carbon programme).,Carbon programme,V1.1,Approved,https://cercarbono.com/methodologies/,https://cercarbono.com/wp-content/uploads/2026_03_30-BlueCarbonMethodology_V1.1.pdf,cercarbono_index_card_scan,high,pending_review,2026-07-06T11:32:41,Extracted from the Cercarbono public methodologies page; linked PDFs are captured but not fully parsed. category: Carbon programme language: English
13,Cercarbono,,Indicator Species Biodiversity,methodology,methodunit_candidate,Cercarbono native methodology card (Biodiversity programme).,Biodiversity programme,V1.2,Approved,https://cercarbono.com/methodologies/,https://cercarbono.com/wp-content/uploads/Savimbo-Biodiversity-Methodology-V-1.2-1.pdf,cercarbono_index_card_scan,high,pending_review,2026-07-06T11:32:41,Extracted from the Cercarbono public methodologies page; linked PDFs are captured but not fully parsed. category: Biodiversity programme language: English
13,Cercarbono,,Circular Recovery & Recycling,methodology,methodunit_candidate,Cercarbono native methodology card (Circular economy programme).,Circular economy programme,V2.0,Approved,https://cercarbono.com/methodologies/,https://cercarbono.com/wp-content/uploads/2025.03.04-Methodology-CE-Plastic-Recycling-V-2.0.pdf,cercarbono_index_card_scan,high,pending_review,2026-07-06T11:32:41,Extracted from the Cercarbono public methodologies page; linked PDFs are captured but not fully parsed. category: Circular economy programme language: English
13,Cercarbono,,Energy,adopted_external_method,methodunit_candidate,Cercarbono CDM sector catalogue (CDM methodologies).,CDM methodologies,,Approved,https://cercarbono.com/methodologies/,https://cercarbono.com/wp-content/uploads/CDM-Methodologies-Energy-sector.xlsx,cercarbono_index_card_scan,high,pending_review,2026-07-06T11:32:41,Extracted from the Cercarbono public methodologies page; linked PDFs are captured but not fully parsed. category: CDM methodologies language: English adopted_external_methodology: CDM sector catalogue (Excel spreadsheet lists the specific CDM methods adopted for this sector).
13,Cercarbono,,Industry,adopted_external_method,methodunit_candidate,Cercarbono CDM sector catalogue (CDM methodologies).,CDM methodologies,,Approved,https://cercarbono.com/methodologies/,https://cercarbono.com/wp-content/uploads/CDM-Methodologies-Industry-sector.xlsx,cercarbono_index_card_scan,high,pending_review,2026-07-06T11:32:41,Extracted from the Cercarbono public methodologies page; linked PDFs are captured but not fully parsed. category: CDM methodologies language: English adopted_external_methodology: CDM sector catalogue (Excel spreadsheet lists the specific CDM methods adopted for this sector).
13,Cercarbono,,Construction,adopted_external_method,methodunit_candidate,Cercarbono CDM sector catalogue (CDM methodologies).,CDM methodologies,,Approved,https://cercarbono.com/methodologies/,https://cercarbono.com/wp-content/uploads/CDM-Methodologies-Construction-sector.xlsx,cercarbono_index_card_scan,high,pending_review,2026-07-06T11:32:41,Extracted from the Cercarbono public methodologies page; linked PDFs are captured but not fully parsed. category: CDM methodologies language: English adopted_external_methodology: CDM sector catalogue (Excel spreadsheet lists the specific CDM methods adopted for this sector).
13,Cercarbono,,Transport,adopted_external_method,methodunit_candidate,Cercarbono CDM sector catalogue (CDM methodologies).,CDM methodologies,,Approved,https://cercarbono.com/methodologies/,https://cercarbono.com/wp-content/uploads/CDM-Methodologies-Transport-sector.xlsx,cercarbono_index_card_scan,high,pending_review,2026-07-06T11:32:41,Extracted from the Cercarbono public methodologies page; linked PDFs are captured but not fully parsed. category: CDM methodologies language: English adopted_external_methodology: CDM sector catalogue (Excel spreadsheet lists the specific CDM methods adopted for this sector).
13,Cercarbono,,Mining and Mineral Production,adopted_external_method,methodunit_candidate,Cercarbono CDM sector catalogue (CDM methodologies).,CDM methodologies,,Approved,https://cercarbono.com/methodologies/,https://cercarbono.com/wp-content/uploads/CDM-Methodologies-Mining-and-mineral-production-sector.xlsx,cercarbono_index_card_scan,high,pending_review,2026-07-06T11:32:41,Extracted from the Cercarbono public methodologies page; linked PDFs are captured but not fully parsed. category: CDM methodologies language: English adopted_external_methodology: CDM sector catalogue (Excel spreadsheet lists the specific CDM methods adopted for this sector).
13,Cercarbono,,Metal,adopted_external_method,methodunit_candidate,Cercarbono CDM sector catalogue (CDM methodologies).,CDM methodologies,,Approved,https://cercarbono.com/methodologies/,https://cercarbono.com/wp-content/uploads/2026/03/CDM-Methodologies-Metal-production-sector.xlsx,cercarbono_index_card_scan,high,pending_review,2026-07-06T11:32:41,Extracted from the Cercarbono public methodologies page; linked PDFs are captured but not fully parsed. category: CDM methodologies language: English adopted_external_methodology: CDM sector catalogue (Excel spreadsheet lists the specific CDM methods adopted for this sector).
13,Cercarbono,,Fugitive Emissions,adopted_external_method,methodunit_candidate,Cercarbono CDM sector catalogue (CDM methodologies).,CDM methodologies,,Approved,https://cercarbono.com/methodologies/,https://cercarbono.com/wp-content/uploads/CDM-Methodologies-Fugitive-emissions-sector.xlsx,cercarbono_index_card_scan,high,pending_review,2026-07-06T11:32:41,Extracted from the Cercarbono public methodologies page; linked PDFs are captured but not fully parsed. category: CDM methodologies language: English adopted_external_methodology: CDM sector catalogue (Excel spreadsheet lists the specific CDM methods adopted for this sector).
13,Cercarbono,,Waste Management,adopted_external_method,methodunit_candidate,Cercarbono CDM sector catalogue (CDM methodologies).,CDM methodologies,,Approved,https://cercarbono.com/methodologies/,https://cercarbono.com/wp-content/uploads/CDM-Methodologies-Waste-management-sector.xlsx,cercarbono_index_card_scan,high,pending_review,2026-07-06T11:32:41,Extracted from the Cercarbono public methodologies page; linked PDFs are captured but not fully parsed. category: CDM methodologies language: English adopted_external_methodology: CDM sector catalogue (Excel spreadsheet lists the specific CDM methods adopted for this sector).
13,Cercarbono,,Land Use,adopted_external_method,methodunit_candidate,Cercarbono CDM sector catalogue (CDM methodologies).,CDM methodologies,,Approved,https://cercarbono.com/methodologies/,https://cercarbono.com/wp-content/uploads/2026/03/CDM-Methodologies-Land-use-sector.xlsx,cercarbono_index_card_scan,high,pending_review,2026-07-06T11:32:41,Extracted from the Cercarbono public methodologies page; linked PDFs are captured but not fully parsed. category: CDM methodologies language: English adopted_external_methodology: CDM sector catalogue (Excel spreadsheet lists the specific CDM methods adopted for this sector).
50,Puro Earth,,Direct Air Capture and Ocean Storage,methodology,methodunit_candidate,Puro Earth methodology card (Direct Air Capture and Ocean Storage).,Direct Air Capture and Ocean Storage,V1.1,Live,https://puro.earth/cdr-infrastructure/methodologies/,https://7518557.fs1.hubspotusercontent-na1.net/hubfs/7518557/Direct%20Air%20Capture%20and%20Ocean%20Storage_Edition%202025_V.1.1..pdf,puro_earth_landing_plus_library,high,pending_review,2026-07-06T11:32:44,Extracted from the Puro.earth methodologies landing + document library; linked PDFs are captured but not fully parsed. category: Direct Air Capture and Ocean Storage removal_type: Direct Air Capture and Ocean Storage version: V1.1 status: Live (published on Puro Standard document library)
50,Puro Earth,,Microalgae Carbon Fixation and Sinking,methodology,methodunit_candidate,Puro Earth methodology card (Microalgae Carbon Fixation and Sinking).,Microalgae Carbon Fixation and Sinking,V1,Live,https://puro.earth/cdr-infrastructure/methodologies/,https://7518557.fs1.hubspotusercontent-na1.net/hubfs/7518557/Public%20Consultations/Methodology%20-%20MCFS/Microalgae%20Carbon%20Fixation%20and%20Sinking%20Edition%202025%20v1.pdf,puro_earth_landing_plus_library,high,pending_review,2026-07-06T11:32:44,Extracted from the Puro.earth methodologies landing + document library; linked PDFs are captured but not fully parsed. category: Microalgae Carbon Fixation and Sinking removal_type: Microalgae Carbon Fixation and Sinking version: V1 status: Live (published on Puro Standard document library)
50,Puro Earth,,Terrestrial Storage of Biomass,methodology,methodunit_candidate,Puro Earth methodology card (Terrestrial Storage of Biomass).,Terrestrial Storage of Biomass,,Live,https://puro.earth/cdr-infrastructure/methodologies/,https://7518557.fs1.hubspotusercontent-na1.net/hubfs/7518557/Supplier%20Documents/Terrestrial%20Storage%20of%20Biomass.pdf,puro_earth_landing_plus_library,medium,pending_review,2026-07-06T11:32:44,Extracted from the Puro.earth methodologies landing + document library; linked PDFs are captured but not fully parsed. category: Terrestrial Storage of Biomass removal_type: Terrestrial Storage of Biomass status: Live (published on Puro Standard document library)
50,Puro Earth,,Biochar,methodology,methodunit_candidate,Puro Earth methodology card (Biochar).,Biochar,Edition 2025 v2,Live,https://puro.earth/cdr-infrastructure/methodologies/,https://7518557.fs1.hubspotusercontent-na1.net/hubfs/7518557/Puro%20Biochar%20Methodology%20-%20Edition%202025%20(version%202)%20-%20For%20Publication.pdf,puro_earth_landing_plus_library,high,pending_review,2026-07-06T11:32:44,Extracted from the Puro.earth methodologies landing + document library; linked PDFs are captured but not fully parsed. category: Biochar removal_type: Biochar version: Edition 2025 v2 status: Live (published on Puro Standard document library)
50,Puro Earth,,Geologically Stored Carbon,methodology,methodunit_candidate,Puro Earth methodology card (Geologically Stored Carbon).,Geologically Stored Carbon,,Live,https://puro.earth/cdr-infrastructure/methodologies/,https://7518557.fs1.hubspotusercontent-na1.net/hubfs/7518557/Geologically_Stored_Carbon_2024_4.pdf,puro_earth_landing_plus_library,medium,pending_review,2026-07-06T11:32:44,Extracted from the Puro.earth methodologies landing + document library; linked PDFs are captured but not fully parsed. category: Geologically Stored Carbon removal_type: Geologically Stored Carbon status: Live (published on Puro Standard document library)
50,Puro Earth,,Enhanced Rock Weathering,methodology,methodunit_candidate,Puro Earth methodology card (Enhanced Rock Weathering).,Enhanced Rock Weathering,V2,Live,https://puro.earth/cdr-infrastructure/methodologies/,https://7518557.fs1.hubspotusercontent-na1.net/hubfs/7518557/ERW%20Standards/ERW%202025/ERW%20Edition%202025%20v2.pdf,puro_earth_landing_plus_library,high,pending_review,2026-07-06T11:32:44,Extracted from the Puro.earth methodologies landing + document library; linked PDFs are captured but not fully parsed. category: Enhanced Rock Weathering removal_type: Enhanced Rock Weathering version: V2 status: Live (published on Puro Standard document library)
50,Puro Earth,,Carbonated Materials,methodology,methodunit_candidate,Puro Earth methodology card (Carbonated Materials).,Carbonated Materials,,Live,https://puro.earth/cdr-infrastructure/methodologies/,https://7518557.fs1.hubspotusercontent-na1.net/hubfs/7518557/Carbonated_Materials_2022_3.pdf,puro_earth_landing_plus_library,medium,pending_review,2026-07-06T11:32:44,Extracted from the Puro.earth methodologies landing + document library; linked PDFs are captured but not fully parsed. category: Carbonated Materials removal_type: Carbonated Materials status: Live (published on Puro Standard document library)
50,Puro Earth,,Marine Anoxic Carbon Storage,methodology,methodunit_candidate,Puro Earth methodology card (Marine Anoxic Carbon Storage).,Marine Anoxic Carbon Storage,,Live,https://puro.earth/cdr-infrastructure/methodologies/,https://7518557.fs1.hubspotusercontent-na1.net/hubfs/7518557/Marine%20Anoxic%20Carbon%20Storage%20-%202025.pdf,puro_earth_landing_plus_library,medium,pending_review,2026-07-06T11:32:44,Extracted from the Puro.earth methodologies landing + document library; linked PDFs are captured but not fully parsed. category: Marine Anoxic Carbon Storage removal_type: Marine Anoxic Carbon Storage status: Live (published on Puro Standard document library)
3,ART/TREES,,TREES 3.0,standard_document,methodunit_candidate,ART/TREES TREES 3.0 document family (programme standard).,TREES,TREES 3.0,Current,https://www.artredd.org/standards/trees-3-0/,https://www.artredd.org/wp-content/uploads/2026/06/TREES-3.0-Final-Version-English.pdf,art_trees_document_family_scan,high,pending_review,2026-07-06T11:32:44,"Extracted from the ART/TREES TREES 3.0 page; captures the document family for that standard, not a per-methodology record. document_type: standard version: TREES 3.0 family: TREES lifecycle_status: current language: English"
3,ART/TREES,,TREES 2.0,standard_document,methodunit_candidate,ART/TREES TREES 2.0 document family (programme standard).,TREES,TREES 2.0,Prior,https://www.artredd.org/standards/trees-2-0/,https://www.artredd.org/wp-content/uploads/2021/12/TREES-2.0-August-2021-Clean.pdf,art_trees_document_family_scan,medium,pending_review,2026-07-06T11:32:45,"Extracted from the ART/TREES TREES 2.0 page; captures the document family for that standard, not a per-methodology record. document_type: standard version: TREES 2.0 family: TREES lifecycle_status: prior language: English effective_date: August 2021"
3,ART/TREES,,TREES 1.0,standard_document,methodunit_candidate,ART/TREES TREES 1.0 document family (programme standard).,TREES,TREES 1.0,Retired,https://www.artredd.org/standards/trees-1-0/,https://www.artredd.org/wp-content/uploads/2022/01/TREES-Standard-July-29-2019.pdf,art_trees_document_family_scan,medium,pending_review,2026-07-06T11:32:45,"Extracted from the ART/TREES TREES 1.0 page; captures the document family for that standard, not a per-methodology record. document_type: standard version: TREES 1.0 family: TREES lifecycle_status: retired language: English"
3,ART/TREES,,TREES Validation and Verification Standard,standard_document,methodunit_candidate,ART/TREES TREES Validation and Verification Standard document family (validation & verification standard).,TREES,TREES Validation and Verification Standard,Current,https://www.artredd.org/verification/,https://www.artredd.org/wp-content/uploads/2022/01/TREES-Val-and-Ver-Standard-v2-Dec-2021.pdf,art_trees_document_family_scan,high,pending_review,2026-07-06T11:32:46,"Extracted from the ART/TREES TREES Validation and Verification Standard page; captures the document family for that standard, not a per-methodology record. document_type: validation_verification_standard version: TREES Validation and Verification Standard family: TREES lifecycle_status: current language: English effective_date: Dec 2021"
4,Artisan C-sink,,Global Artisan C-Sink Standard,Standard / Document family,methodunit_candidate,No separate methodology index; standard treated as document-family MethodUnit candidate.,,,pending/public source,https://www.carbon-standards.com/en/standards/service-505~global-artisan-c-sink.html,https://www.carbon-standards.com/docs/transfer/4000136EN.pdf?t=1795276,source_resolution_document_family,high,pending_review,2026-07-06T11:32:48,No separate methodology index; captured as document-family source resolution.
